<?xml version="1.0" encoding="UTF-8" ?>
<!DOCTYPE mapper
    PUBLIC "-//mybatis.org//DTD Mapper 3.0//EN"
    "http://mybatis.org/dtd/mybatis-3-mapper.dtd">
 <!-- myBatis를 통해 DB를 다룰때 사용할 파일이다. 실행하고자 할 쿼리 모음 -->
<mapper namespace="test">
    <select id="getid" resultType="string">
        SELECT name FROM users
 	</select>
    <select id="getContents" resultType="hashmap">
    	SELECT id FROM users
    </select>
    <select id="getProduct" resultType="hashmap">
        SELECT * FROM product
    </select>
    <select id="getUserInfo" parameterType="hashmap" resultType="hashmap">
        SELECT * FROM users WHERE id = #{id}
    </select>
    <select id="getSearch" parameterType="hashmap" resultType="hashmap">
        SELECT * FROM product WHERE discription LIKE concat('%',#{name},'%') 
    </select>
    <select id="getSameDis" resultType="hashmap">
        SELECT * FROM product WHERE discription LIKE concat(#{name}) 
    </select>
    <insert id="joinUser" parameterType="hashmap">
        INSERT INTO users(id, password, name) VALUES (#{id}, #{pw}, #{name})
    </insert>
    <insert id="addItem" parameterType="hashmap">
        INSERT INTO product(category, img, price, discription) 
        VALUES (#{category}, #{img}, #{price}, #{discription})
    </insert>
    <update id="ALTproduct" parameterType="hashmap">
    	UPDATE product 
    	SET category = #{category}, img = #{img}, price = #{price}, discription = #{discription}
    	WHERE discription = #{prevDis}
    </update>
    <delete id="delProduct" parameterType="hashmap">
    	DELETE FROM product WHERE discription = #{discription}
    </delete>
    <!-- <select id="getCountP" parameterType="hashmap" resultType="int">
        SELECT
            count(*)
        FROM
            member
        WHERE
            name = #{name}
    </select>
    <select id="getContentsP" parameterType="hashmap" resultType="hashmap">
        SELECT
            id, name
        FROM
            member
        WHERE
            id = #{name} and age = #{age}
    </select> -->
</mapper>